audit_type,record_id,dataset,example_id,state_text_snippet,gold_label,prediction,confidence,taxonomy_category,failure_analysis
High_Confidence_Error,rec_p2_cmcs_00127_sent,dataset_f_cmcs,cmcs_00127,Merry Christmas!,NEUTRAL,POSITIVE,1.0,Orthographic (Code-Mixed / Transliteration),Code-mixed English-Sinhala phrasing or Singlish Latin orthography obscured colloquial intent.
High_Confidence_Error,rec_p2_cmcs_00177_sent,dataset_f_cmcs,cmcs_00177,Congratulations Lion and DCSL,NEUTRAL,POSITIVE,1.0,Orthographic (Code-Mixed / Transliteration),Code-mixed English-Sinhala phrasing or Singlish Latin orthography obscured colloquial intent.
High_Confidence_Error,rec_p2_cmcs_00577_sent,dataset_f_cmcs,cmcs_00577,🇦🇺 win,NEUTRAL,POSITIVE,1.0,Orthographic (Code-Mixed / Transliteration),Code-mixed English-Sinhala phrasing or Singlish Latin orthography obscured colloquial intent.
High_Confidence_Error,rec_p2_cmcs_01883_sent,dataset_f_cmcs,cmcs_01883,Yaay! Cno Yamuna <3,NEUTRAL,POSITIVE,1.0,Orthographic (Code-Mixed / Transliteration),Code-mixed English-Sinhala phrasing or Singlish Latin orthography obscured colloquial intent.
High_Confidence_Error,rec_p2_cmcs_02009_sent,dataset_f_cmcs,cmcs_02009,උදෑසන 10 සිට ඇඹිලිපිටිය මහවැලි ක්‍රීඩාංගනයේ පැවැත්වෙන බාටෙල් Bonanza සැණකෙලියට හා මහා සංගී,NEUTRAL,POSITIVE,1.0,Orthographic (Code-Mixed / Transliteration),Code-mixed English-Sinhala phrasing or Singlish Latin orthography obscured colloquial intent.
High_Confidence_Error,rec_p2_cmcs_02101_sent,dataset_f_cmcs,cmcs_02101,Happy birthday dana 🎂,NEUTRAL,POSITIVE,1.0,Orthographic (Code-Mixed / Transliteration),Code-mixed English-Sinhala phrasing or Singlish Latin orthography obscured colloquial intent.
High_Confidence_Error,rec_p2_cmcs_02252_sent,dataset_f_cmcs,cmcs_02252,Happy birthday nimal....👍👍🎉🎉🎉,NEUTRAL,POSITIVE,1.0,Orthographic (Code-Mixed / Transliteration),Code-mixed English-Sinhala phrasing or Singlish Latin orthography obscured colloquial intent.
High_Confidence_Error,rec_p2_cmcs_02526_sent,dataset_f_cmcs,cmcs_02526,Wish you happy birthday Mr Tharindu,NEUTRAL,POSITIVE,1.0,Orthographic (Code-Mixed / Transliteration),Code-mixed English-Sinhala phrasing or Singlish Latin orthography obscured colloquial intent.
High_Confidence_Error,rec_p2_cmcs_02694_sent,dataset_f_cmcs,cmcs_02694,Happy Thai pongal,NEUTRAL,POSITIVE,1.0,Orthographic (Code-Mixed / Transliteration),Code-mixed English-Sinhala phrasing or Singlish Latin orthography obscured colloquial intent.
High_Confidence_Error,rec_p2_cmcs_02730_sent,dataset_f_cmcs,cmcs_02730,🙏 ස්තුති Gerhold,NEUTRAL,POSITIVE,1.0,Orthographic (Code-Mixed / Transliteration),Code-mixed English-Sinhala phrasing or Singlish Latin orthography obscured colloquial intent.
High_Confidence_Error,rec_p2_cmcs_03095_sent,dataset_f_cmcs,cmcs_03095,සුබ අලුත් අවුරුද්දක් වේවා Gerhold,NEUTRAL,POSITIVE,1.0,Orthographic (Code-Mixed / Transliteration),Code-mixed English-Sinhala phrasing or Singlish Latin orthography obscured colloquial intent.
High_Confidence_Error,rec_p2_cmcs_03209_sent,dataset_f_cmcs,cmcs_03209,Natapaaaan👉💃💃💃💃💃💃😃😃😃,NEUTRAL,POSITIVE,1.0,Orthographic (Code-Mixed / Transliteration),Code-mixed English-Sinhala phrasing or Singlish Latin orthography obscured colloquial intent.
High_Confidence_Error,rec_p2_cmcs_03211_sent,dataset_f_cmcs,cmcs_03211,👌👌👌❤️ Lebsack ❤️👌👌👌,NEUTRAL,POSITIVE,1.0,Orthographic (Code-Mixed / Transliteration),Code-mixed English-Sinhala phrasing or Singlish Latin orthography obscured colloquial intent.
High_Confidence_Error,rec_p2_cmcs_03549_sent,dataset_f_cmcs,cmcs_03549,Thanks Gerhold....👍👍👍,NEUTRAL,POSITIVE,1.0,Orthographic (Code-Mixed / Transliteration),Code-mixed English-Sinhala phrasing or Singlish Latin orthography obscured colloquial intent.
High_Confidence_Error,rec_p2_cmcs_03606_sent,dataset_f_cmcs,cmcs_03606,Unlimited hahahaaa 😁,NEUTRAL,POSITIVE,1.0,Orthographic (Code-Mixed / Transliteration),Code-mixed English-Sinhala phrasing or Singlish Latin orthography obscured colloquial intent.
High_Confidence_Error,rec_p2_cmcs_03629_sent,dataset_f_cmcs,cmcs_03629,Happy diwaly,NEUTRAL,POSITIVE,1.0,Orthographic (Code-Mixed / Transliteration),Code-mixed English-Sinhala phrasing or Singlish Latin orthography obscured colloquial intent.
High_Confidence_Error,rec_p2_cmcs_03695_sent,dataset_f_cmcs,cmcs_03695,i like this page,NEUTRAL,POSITIVE,1.0,Orthographic (Code-Mixed / Transliteration),Code-mixed English-Sinhala phrasing or Singlish Latin orthography obscured colloquial intent.
High_Confidence_Error,rec_p2_cmcs_03743_sent,dataset_f_cmcs,cmcs_03743,Best of the best #BatzDigitastic,NEUTRAL,POSITIVE,1.0,Orthographic (Code-Mixed / Transliteration),Code-mixed English-Sinhala phrasing or Singlish Latin orthography obscured colloquial intent.
High_Confidence_Error,rec_p2_cmcs_03852_sent,dataset_f_cmcs,cmcs_03852,Congratulations Damien Mendis ! Batz SILK SPORTS AWARDS 2016 - Most Popular Sports Persona,NEUTRAL,POSITIVE,1.0,Orthographic (Code-Mixed / Transliteration),Code-mixed English-Sinhala phrasing or Singlish Latin orthography obscured colloquial intent.
High_Confidence_Error,rec_p2_cmcs_03922_sent,dataset_f_cmcs,cmcs_03922,I got my loan from this reputable loan lender on the 20th of November 2019 and I want to q,NEUTRAL,POSITIVE,1.0,Orthographic (Code-Mixed / Transliteration),Code-mixed English-Sinhala phrasing or Singlish Latin orthography obscured colloquial intent.
High_Confidence_Error,rec_p2_cmcs_03944_sent,dataset_f_cmcs,cmcs_03944,MANY MORE HAPPY RETURNS OF THE DAY nimal,NEUTRAL,POSITIVE,1.0,Orthographic (Code-Mixed / Transliteration),Code-mixed English-Sinhala phrasing or Singlish Latin orthography obscured colloquial intent.
High_Confidence_Error,rec_p2_cmcs_04035_sent,dataset_f_cmcs,cmcs_04035,Happy birthday nimala,NEUTRAL,POSITIVE,1.0,Orthographic (Code-Mixed / Transliteration),Code-mixed English-Sinhala phrasing or Singlish Latin orthography obscured colloquial intent.
High_Confidence_Error,rec_p2_cmcs_04241_sent,dataset_f_cmcs,cmcs_04241,Thank ❤️,NEUTRAL,POSITIVE,1.0,Orthographic (Code-Mixed / Transliteration),Code-mixed English-Sinhala phrasing or Singlish Latin orthography obscured colloquial intent.
High_Confidence_Error,rec_p2_cmcs_04385_sent,dataset_f_cmcs,cmcs_04385,I love nimal,NEUTRAL,POSITIVE,1.0,Orthographic (Code-Mixed / Transliteration),Code-mixed English-Sinhala phrasing or Singlish Latin orthography obscured colloquial intent.
High_Confidence_Error,rec_p2_cmcs_04454_sent,dataset_f_cmcs,cmcs_04454,Lebsack service eka ඉස්සර නම් හොදයි දැන් නම් coverage naha poddak wath... mobile broadband,CONFLICT,NEGATIVE,1.0,Orthographic (Code-Mixed / Transliteration),Code-mixed English-Sinhala phrasing or Singlish Latin orthography obscured colloquial intent.
Low_Confidence_Correct,rec_p2_cmcs_13443_humour,dataset_f_cmcs,cmcs_13443,kohomada ganneee,NON-HUMOROUS,NON-HUMOROUS,0.0,Orthographic (Code-Switch Disambiguation),Subtle Sinhala-English code-switched utterance correctly mapped despite colloquial noise.
Low_Confidence_Correct,rec_p2_sold_1447901591999180804_choice,dataset_b_sold,sold_1447901591999180804,@USER  @USER කැත නැතුව JVP එකත් මහ පක්ෂ දෙක ගොඩටම දැම්ම නේද. උන් තමයි ඇමති කම් අරන් හොදටම ,NOT,NOT,0.0,Semantic (Borderline Toxicity),Nuanced or indirect offensive post correctly identified despite diffused probability mass.
Low_Confidence_Correct,rec_p2_cmcs_00606_humour,dataset_f_cmcs,cmcs_00606,Lebsack service eken ahana prashna ain karanne khmd,NON-HUMOROUS,NON-HUMOROUS,0.01,Orthographic (Code-Switch Disambiguation),Subtle Sinhala-English code-switched utterance correctly mapped despite colloquial noise.
Low_Confidence_Correct,rec_p2_cmcs_05939_humour,dataset_f_cmcs,cmcs_05939,Came here to read the comments and find the answer..,NON-HUMOROUS,NON-HUMOROUS,0.01,Orthographic (Code-Switch Disambiguation),Subtle Sinhala-English code-switched utterance correctly mapped despite colloquial noise.
Low_Confidence_Correct,rec_p2_cmcs_07840_humour,dataset_f_cmcs,cmcs_07840,Sadu sadu budu sarani,NON-HUMOROUS,NON-HUMOROUS,0.01,Orthographic (Code-Switch Disambiguation),Subtle Sinhala-English code-switched utterance correctly mapped despite colloquial noise.
Low_Confidence_Correct,rec_p2_cmcs_11635_humour,dataset_f_cmcs,cmcs_11635,උබල දන්නෙ මිනිස්සුන්ව සරපරයිස් කරන්න නෙමයි අයවල් එක කරන්න.,HUMOROUS,HUMOROUS,0.01,Orthographic (Code-Switch Disambiguation),Subtle Sinhala-English code-switched utterance correctly mapped despite colloquial noise.
Low_Confidence_Correct,rec_p2_mmlu_dancing_14_13_choice,dataset_d_sinhalammlu,mmlu_dancing_14_13,"ප්‍රශ්නය: මගේ පොඩි යාලු.'............................... මෙම ගීතය රචනා කළේ,  විකල්ප: A. හර",D,D,0.01,Language (Low-Confidence Deductive Resolution),Correct option identified with near-uniform distribution across remaining distractors.
Low_Confidence_Correct,rec_p2_sold_1136216652113039361_choice,dataset_b_sold,sold_1136216652113039361,"@USER හම්බන්තොට, පෝට් සිටි, කොළඹ දකුණ වරාය, අධිවේගී මාර්ග ටික චීනට  මත්තල, නැගෙනහිර පර්යන්",NOT,NOT,0.01,Semantic (Borderline Toxicity),Nuanced or indirect offensive post correctly identified despite diffused probability mass.
Low_Confidence_Correct,rec_p2_sold_1240264112002793472_choice,dataset_b_sold,sold_1240264112002793472,@USER ඇයි දැන් තමුසෙ කියන්නෙ නාමයෝජනා අත්සන් කරන්න එපා කියලද  වෙන පක්ශ වල උනුත් අත්සන් කරා,OFF,OFF,0.01,Semantic (Borderline Toxicity),Nuanced or indirect offensive post correctly identified despite diffused probability mass.
Low_Confidence_Correct,rec_p2_sold_1371333410770186240_choice,dataset_b_sold,sold_1371333410770186240,බස් සින්දු කියන මල ජරාව නිසා පුදුම කරදරයක් තියෙන්නේ හැබැයි ඉතින් බස් එකේ යන වෙලාවට විතරයින,OFF,OFF,0.01,Semantic (Borderline Toxicity),Nuanced or indirect offensive post correctly identified despite diffused probability mass.
Low_Confidence_Correct,rec_p2_sold_1379107364557660161_choice,dataset_b_sold,sold_1379107364557660161,ඕනෙ නෑ කෙල්ලෙ සක්කර වට්ටම නිකං දුන්නත් වගේ අවුරුදු වට්ටම ඇවිත් ඩිංගක් උඹ තුරුලු කර ගත්තම ප,OFF,OFF,0.01,Semantic (Borderline Toxicity),Nuanced or indirect offensive post correctly identified despite diffused probability mass.
Low_Confidence_Correct,rec_p2_sold_1390986450066231296_choice,dataset_b_sold,sold_1390986450066231296,මේතියන කරුම වල හැරියට අර රොකට් කෑල්ල ඇග උඩට වැටෙන්න බැරිත් නෑ,NOT,NOT,0.01,Semantic (Borderline Toxicity),Nuanced or indirect offensive post correctly identified despite diffused probability mass.
Low_Confidence_Correct,rec_p2_sold_1439500033288650753_choice,dataset_b_sold,sold_1439500033288650753,@USER අර තෝ ඉන්නේ ශවි ගර්ල් ගාවට වෙලා,NOT,NOT,0.01,Semantic (Borderline Toxicity),Nuanced or indirect offensive post correctly identified despite diffused probability mass.
Low_Confidence_Correct,rec_p2_sold_727062363933937664_choice,dataset_b_sold,sold_727062363933937664,නොදකින්...... ලංකාවේ තරම් නිවට නියාලු දේශපාලණයක් තවත් නෑ URL,OFF,OFF,0.01,Semantic (Borderline Toxicity),Nuanced or indirect offensive post correctly identified despite diffused probability mass.
Low_Confidence_Correct,rec_p2_sold_932440792618160128_choice,dataset_b_sold,sold_932440792618160128,"@USER "" @USER : ""මිනිස්සු ලක්ෂ 62ක් මෛත්‍රීපාල සිරිසේනට ඡන්දේ දුන්නේ මේ වගේ හොරු පාලකයෝ කර",NOT,NOT,0.01,Semantic (Borderline Toxicity),Nuanced or indirect offensive post correctly identified despite diffused probability mass.
Low_Confidence_Correct,rec_p2_sold_968405555906686976_choice,dataset_b_sold,sold_968405555906686976,@USER නාකි ආච්චි කෙනෙක් වගෙද,NOT,NOT,0.01,Semantic (Borderline Toxicity),Nuanced or indirect offensive post correctly identified despite diffused probability mass.
Low_Confidence_Correct,rec_p2_cmcs_00626_humour,dataset_f_cmcs,cmcs_00626,අම්මා පැන් වෙනුවට සැමදා උනු කදුලැලි බොන අම්මා,NON-HUMOROUS,NON-HUMOROUS,0.02,Orthographic (Code-Switch Disambiguation),Subtle Sinhala-English code-switched utterance correctly mapped despite colloquial noise.
Low_Confidence_Correct,rec_p2_cmcs_02774_humour,dataset_f_cmcs,cmcs_02774,Hamma jeewa ayeth team eke neh patta patta,NON-HUMOROUS,NON-HUMOROUS,0.02,Orthographic (Code-Switch Disambiguation),Subtle Sinhala-English code-switched utterance correctly mapped despite colloquial noise.
Low_Confidence_Correct,rec_p2_cmcs_04454_humour,dataset_f_cmcs,cmcs_04454,Lebsack service eka ඉස්සර නම් හොදයි දැන් නම් coverage naha poddak wath... mobile broadband,NON-HUMOROUS,NON-HUMOROUS,0.02,Orthographic (Code-Switch Disambiguation),Subtle Sinhala-English code-switched utterance correctly mapped despite colloquial noise.
Low_Confidence_Correct,rec_p2_cmcs_04854_humour,dataset_f_cmcs,cmcs_04854,Wawwwwewwwe,NON-HUMOROUS,NON-HUMOROUS,0.02,Orthographic (Code-Switch Disambiguation),Subtle Sinhala-English code-switched utterance correctly mapped despite colloquial noise.
Low_Confidence_Correct,rec_p2_mmlu_dancing_78_77_choice,dataset_d_sinhalammlu,mmlu_dancing_78_77,"ප්‍රශ්නය: උඩරට පා සරඹ වල ""තා තෙයි තා තෙයියත් තා"" යන පදය අයත් සරඹ නාමය වන්නේ,  විකල්ප: A. ද",C,C,0.02,Language (Low-Confidence Deductive Resolution),Correct option identified with near-uniform distribution across remaining distractors.
Low_Confidence_Correct,rec_p2_mmlu_eastern_music_13_12_choice,dataset_d_sinhalammlu,mmlu_eastern_music_13_12,"ප්‍රශ්නය: |ප-ප- |ම - ම |ග - ම |රී---| යන ස්වර පාදය ඇතුළත් ගී පාදය යි,  විකල්ප: A. සමනල පෙර",C,C,0.02,Language (Low-Confidence Deductive Resolution),Correct option identified with near-uniform distribution across remaining distractors.
Low_Confidence_Correct,rec_p2_sold_1040286978921689088_choice,dataset_b_sold,sold_1040286978921689088,ආදරේ බල්ලට ගියේ නෑ...  බල්ලෝ ආදරේ කලා...  හෙන ලොකු එක වගේ මේම මේම අටුවා ටීකා ටිප්පනිත් එක්,OFF,OFF,0.02,Semantic (Borderline Toxicity),Nuanced or indirect offensive post correctly identified despite diffused probability mass.
Low_Confidence_Correct,rec_p2_sold_1167334497177624576_choice,dataset_b_sold,sold_1167334497177624576,මේ වගේ Photoshop කරපුවා ඉදිරියේදී විශාල වශයෙන් ප්‍රචාරය කිරීමට පොන්න UNP නඩය සුදානම් වී සි,OFF,OFF,0.02,Semantic (Borderline Toxicity),Nuanced or indirect offensive post correctly identified despite diffused probability mass.
Low_Confidence_Correct,rec_p2_sold_1178651586261745672_choice,dataset_b_sold,sold_1178651586261745672,: මොකක්!!! එහෙනම් යුවී දවල් ගියෙ මන් ඕක නවත්තල දාන්නම් කියල.. : හොදම වැඩේ කියන්නෙ යුවී උන්,NOT,NOT,0.02,Semantic (Borderline Toxicity),Nuanced or indirect offensive post correctly identified despite diffused probability mass.
