dataset,task_display,primitive,n,accuracy,acc_ci95_low,acc_ci95_high,macro_f1,f1_ci95_low,f1_ci95_high,ece_20bin,brier_score,nll,mean_confidence,p50_latency_ms,p95_latency_ms,hf_reference_model,hf_reference_acc,hf_reference_f1
dataset_b_sold,SOLD Offensiveness (Noul),noul,2500,0.6848,0.6686,0.7034,0.6811,0.6638,0.7,0.0584,0.4,0.5824,0.7432,314.7,404.1,"XLM-R (Subasa-XLM-R, intermediate pre-finetuning)",N/A,0.84
dataset_b_sold,SOLD Offensiveness (Choice),choice,2500,0.6872,0.67,0.7046,0.6803,0.6609,0.6991,0.1356,0.4164,0.6992,0.6128,314.7,404.1,"XLM-R (Subasa-XLM-R, intermediate pre-finetuning)",N/A,0.84
dataset_c1_nsina_categories,NSINA Categories,choice,1200,0.855,0.8362,0.8733,0.8502,0.8299,0.8691,0.0643,0.224,1.3638,0.907,314.4,437.1,"XLM-R / SinBERT (NSINA paper, Table 3)",N/A,
dataset_d_sinhalammlu,SinhalaMMLU Academic QA,choice,1850,0.6665,0.6451,0.6862,0.666,0.6441,0.686,0.1155,0.4371,1.1045,0.5817,307.8,373.8,,N/A,
dataset_a_sentiment,News Sentiment (Choice),choice,1810,0.6133,0.5914,0.6354,0.468,0.4525,0.4846,0.1214,0.5676,2.7199,0.7217,302.1,372.6,,N/A,
dataset_a_sentiment,News Sentiment (Noul),noul,1810,0.5702,0.5464,0.5934,0.4414,0.4238,0.4561,0.217,0.8184,0.87,0.7872,302.1,372.6,,N/A,
dataset_e_salangabhava,SalAngaBhava Rating (Choice),choice,1074,0.6304,0.601,0.6541,0.2899,0.2524,0.3225,0.0777,0.4899,1.2142,0.5577,305.0,418.6,,N/A,
dataset_e_salangabhava,SalAngaBhava Rating (Score),score,1074,0.297,0.2681,0.3226,0.2176,0.1858,0.2447,0.2262,1.3679,30.1832,0.5185,305.0,418.6,,N/A,
dataset_f_cmcs,CMCS Sentiment,choice,2000,0.6035,0.5812,0.627,0.4417,0.4065,0.4844,0.194,0.6109,3.2981,0.7232,309.2,388.3,,N/A,
dataset_f_cmcs,CMCS Humour,choice,2000,0.91,0.8962,0.921,0.7371,0.7002,0.7662,0.1826,0.1495,0.2655,0.7274,309.2,388.3,,N/A,
dataset_f_cmcs,CMCS Hate Speech,choice,2000,0.908,0.897,0.9205,0.4127,0.3766,0.448,0.0711,0.1564,0.4204,0.8494,309.2,388.3,,N/A,
