dataset,task,primitive,n,accuracy,macro_f1,nll,brier,ece,mean_confidence,p50_latency_ms,p95_latency_ms,hf_reference_model,hf_reference_acc,hf_reference_f1
dataset_a_sentiment,sentiment_4way,choice,200,0.605,0.463,2.518,0.567,0.135,0.727,305.3,438.2,None,N/A,N/A
dataset_a_sentiment,sentiment_4way,noul,150,0.567,0.445,0.848,0.825,0.23,0.795,304.4,409.6,None,N/A,N/A
dataset_b_sold,offensive_detection,choice,150,0.647,0.64,0.622,0.433,0.124,0.602,303.9,409.8,"XLM-R (Subasa-XLM-R, intermediate pre-finetuning)",N/A,0.840
dataset_b_sold,offensive_detection,noul,150,0.647,0.642,0.607,0.426,0.12,0.733,303.9,409.8,"XLM-R (Subasa-XLM-R, intermediate pre-finetuning)",N/A,0.840
dataset_c1_nsina_categories,news_categorization_4way,choice,100,0.83,0.823,1.653,0.248,0.098,0.907,284.3,352.5,"XLM-R / SinBERT (NSINA paper, Table 3)",N/A,N/A
dataset_c1_nsina_categories,news_categorization_local,noul,100,0.6,0.59,0.8,0.564,0.205,0.805,284.3,352.5,"XLM-R / SinBERT (NSINA paper, Table 3)",N/A,N/A
dataset_d_sinhalammlu,mmlu_qa_4option,choice,150,0.733,0.736,1.144,0.374,0.153,0.602,305.9,408.1,None,N/A,N/A
dataset_e_salangabhava,product_rating_5way,choice,150,0.78,0.344,1.231,0.38,0.191,0.604,307.1,483.3,None,N/A,N/A
dataset_e_salangabhava,product_rating_high_noul,noul,150,0.887,0.738,0.347,0.191,0.075,0.826,307.1,483.3,None,N/A,N/A
dataset_e_salangabhava,product_rating_low_noul,noul,150,0.907,0.755,0.287,0.173,0.055,0.859,307.1,483.3,None,N/A,N/A
dataset_f_cmcs,code_mixed_sentiment,choice,150,0.62,0.44,3.503,0.579,0.204,0.718,307.1,405.9,None,N/A,N/A
dataset_f_cmcs,code_mixed_humour,choice,150,0.933,0.789,0.415,0.119,0.153,0.78,307.1,405.9,None,N/A,N/A
dataset_f_cmcs,code_mixed_hate_speech,choice,150,0.907,0.453,0.323,0.167,0.108,0.835,307.1,405.9,None,N/A,N/A
dataset_f_cmcs,single_aspect_qa,choice,47,0.851,0.816,0.479,0.223,0.13,0.759,303.4,404.9,None,N/A,N/A
